{"7": {"Randomized list": {"Insertion Sort": [0.0012431144714355469, 3898], "Selection Sort": [0.0008161067962646484, 8128], "Merge Sort": [0.0003399848937988281, 736], "Shellsort": [0.00031185150146484375, 1068]}, "Sorted list (ascending)": {"Insertion Sort": [2.4080276489257812e-05, 127], "Selection Sort": [0.0007009506225585938, 8128], "Merge Sort": [0.00023984909057617188, 448], "Shellsort": [0.00015401840209960938, 461]}, "Sorted list (descending)": {"Insertion Sort": [0.0025148391723632812, 8255], "Selection Sort": [0.0007429122924804688, 8128], "Merge Sort": [0.00023698806762695312, 448], "Shellsort": [0.00022602081298828125, 769]}, "List with elements {1, 2, 3}": {"Insertion Sort": [0.0007948875427246094, 2751], "Selection Sort": [0.0007312297821044922, 8128], "Merge Sort": [0.0003619194030761719, 651], "Shellsort": [0.00017881393432617188, 577]}}, "8": {"Randomized list": {"Insertion Sort": [0.005475044250488281, 17064], "Selection Sort": [0.0028259754180908203, 32640], "Merge Sort": [0.0007140636444091797, 1730], "Shellsort": [0.0006380081176757812, 2457]}, "Sorted list (ascending)": {"Insertion Sort": [4.100799560546875e-05, 255], "Selection Sort": [0.0026788711547851562, 32640], "Merge Sort": [0.0005211830139160156, 1024], "Shellsort": [0.0003650188446044922, 1101]}, "Sorted list (descending)": {"Insertion Sort": [0.009632110595703125, 32895], "Selection Sort": [0.0027618408203125, 32640], "Merge Sort": [0.0005109310150146484, 1024], "Shellsort": [0.0005309581756591797, 1883]}, "List with elements {1, 2, 3}": {"Insertion Sort": [0.003219127655029297, 11029], "Selection Sort": [0.002730131149291992, 32640], "Merge Sort": [0.0005941390991210938, 1556], "Shellsort": [0.0004291534423828125, 1442]}}, "9": {"Randomized list": {"Insertion Sort": [0.023770809173583984, 63613], "Selection Sort": [0.01213693618774414, 130816], "Merge Sort": [0.00145721435546875, 3971], "Shellsort": [0.0016739368438720703, 5668]}, "Sorted list (ascending)": {"Insertion Sort": [9.322166442871094e-05, 511], "Selection Sort": [0.015053749084472656, 130816], "Merge Sort": [0.0011758804321289062, 2304], "Shellsort": [0.0010497570037841797, 2529]}, "Sorted list (descending)": {"Insertion Sort": [0.04561495780944824, 131327], "Selection Sort": [0.012221097946166992, 130816], "Merge Sort": [0.0010979175567626953, 2304], "Shellsort": [0.0012941360473632812, 4098]}, "List with elements {1, 2, 3}": {"Insertion Sort": [0.01689600944519043, 46783], "Selection Sort": [0.01186990737915039, 130816], "Merge Sort": [0.001299142837524414, 3590], "Shellsort": [0.0010309219360351562, 3123]}}, "10": {"Randomized list": {"Insertion Sort": [0.10822296142578125, 259705], "Selection Sort": [0.04760909080505371, 523776], "Merge Sort": [0.003047943115234375, 8930], "Shellsort": [0.004005908966064453, 13809]}, "Sorted list (ascending)": {"Insertion Sort": [0.00018596649169921875, 1023], "Selection Sort": [0.04821181297302246, 523776], "Merge Sort": [0.0024042129516601562, 5120], "Shellsort": [0.0020852088928222656, 5601]}, "Sorted list (descending)": {"Insertion Sort": [0.203873872756958, 524799], "Selection Sort": [0.04858684539794922, 523776], "Merge Sort": [0.0024428367614746094, 5120], "Shellsort": [0.003000020980834961, 9175]}, "List with elements {1, 2, 3}": {"Insertion Sort": [0.07863211631774902, 183371], "Selection Sort": [0.048082828521728516, 523776], "Merge Sort": [0.0027971267700195312, 7950], "Shellsort": [0.0023958683013916016, 6950]}}, "11": {"Randomized list": {"Insertion Sort": [0.4636862277984619, 1053215], "Selection Sort": [0.18887782096862793, 2096128], "Merge Sort": [0.006636857986450195, 19930], "Shellsort": [0.009865045547485352, 32492]}, "Sorted list (ascending)": {"Insertion Sort": [0.0004048347473144531, 2047], "Selection Sort": [0.19002819061279297, 2096128], "Merge Sort": [0.0051081180572509766, 11264], "Shellsort": [0.0047910213470458984, 12700]}, "Sorted list (descending)": {"Insertion Sort": [0.8654968738555908, 2098175], "Selection Sort": [0.19278311729431152, 2096128], "Merge Sort": [0.005114078521728516, 11264], "Shellsort": [0.0067501068115234375, 20372]}, "List with elements {1, 2, 3}": {"Insertion Sort": [0.3340909481048584, 739952], "Selection Sort": [0.19340014457702637, 2096128], "Merge Sort": [0.006085872650146484, 17465], "Shellsort": [0.005405902862548828, 15106]}}, "12": {"Randomized list": {"Insertion Sort": [1.8800418376922607, 4144738], "Selection Sort": [0.7421860694885254, 8386560], "Merge Sort": [0.014636993408203125, 43968], "Shellsort": [0.022830963134765625, 76616]}, "Sorted list (ascending)": {"Insertion Sort": [0.0007500648498535156, 4095], "Selection Sort": [0.7732679843902588, 8386560], "Merge Sort": [0.011116981506347656, 24576], "Shellsort": [0.010961771011352539, 27852]}, "Sorted list (descending)": {"Insertion Sort": [3.674600124359131, 8390655], "Selection Sort": [0.7788748741149902, 8386560], "Merge Sort": [0.010987997055053711, 24576], "Shellsort": [0.014651060104370117, 42751]}, "List with elements {1, 2, 3}": {"Insertion Sort": [1.3084397315979004, 2843206], "Selection Sort": [0.7697422504425049, 8386560], "Merge Sort": [0.013297080993652344, 38402], "Shellsort": [0.012032032012939453, 32547]}}, "13": {"Randomized list": {"Insertion Sort": [7.780555009841919, 16972175], "Selection Sort": [2.9981422424316406, 33550336], "Merge Sort": [0.03132796287536621, 96061], "Shellsort": [0.05319809913635254, 180261]}, "Sorted list (ascending)": {"Insertion Sort": [0.001611948013305664, 8191], "Selection Sort": [3.0630950927734375, 33550336], "Merge Sort": [0.0237581729888916, 53248], "Shellsort": [0.02330493927001953, 60620]}, "Sorted list (descending)": {"Insertion Sort": [15.0708589553833, 33558527], "Selection Sort": [3.133500814437866, 33550336], "Merge Sort": [0.023282766342163086, 53248], "Shellsort": [0.03175973892211914, 90123]}, "List with elements {1, 2, 3}": {"Insertion Sort": [5.137493133544922, 11108372], "Selection Sort": [3.0999789237976074, 33550336], "Merge Sort": [0.02882099151611328, 83735], "Shellsort": [0.026240110397338867, 70714]}}, "14": {"Randomized list": {"Insertion Sort": [30.940740823745728, 67210894], "Selection Sort": [11.99626874923706, 134209536], "Merge Sort": [0.06825804710388184, 208670], "Shellsort": [0.1277329921722412, 431964]}, "Sorted list (ascending)": {"Insertion Sort": [0.0030379295349121094, 16383], "Selection Sort": [12.798155069351196, 134209536], "Merge Sort": [0.049928903579711914, 114688], "Shellsort": [0.05133199691772461, 132699]}, "Sorted list (descending)": {"Insertion Sort": [60.416934967041016, 134225919], "Selection Sort": [12.466936826705933, 134209536], "Merge Sort": [0.05046510696411133, 114688], "Shellsort": [0.07870197296142578, 232407]}, "List with elements {1, 2, 3}": {"Insertion Sort": [20.794114112854004, 44573308], "Selection Sort": [12.304005861282349, 134209536], "Merge Sort": [0.06105995178222656, 181035], "Shellsort": [0.05655503273010254, 152579]}}, "15": {"Randomized list": {"Insertion Sort": [124.96839499473572, 267534457], "Selection Sort": [48.876468896865845, 536854528], "Merge Sort": [0.14614105224609375, 449995], "Shellsort": [0.28772807121276855, 990471]}, "Sorted list (ascending)": {"Insertion Sort": [0.006128072738647461, 32767], "Selection Sort": [48.96869897842407, 536854528], "Merge Sort": [0.1062312126159668, 245760], "Shellsort": [0.10912823677062988, 283399]}, "Sorted list (descending)": {"Insertion Sort": [247.3255491256714, 536887295], "Selection Sort": [50.2014639377594, 536854528], "Merge Sort": [0.10726094245910645, 245760], "Shellsort": [0.16105103492736816, 472426]}, "List with elements {1, 2, 3}": {"Insertion Sort": [82.63488531112671, 175858105], "Selection Sort": [49.732460737228394, 536854528], "Merge Sort": [0.1318211555480957, 389033], "Shellsort": [0.12285304069519043, 325590]}}}